{
    "fold1": 0.007414957175829581,
    "fold2": 0.010291004486914192,
    "fold3": 0.008723623185817684,
    "fold4": 0.009615120411451374,
    "fold5": 0.014223646073203002
}